geo,2022,2023,2024,2025
AT,88.165584,88.165584,86.975108,89.058442
BE,85.064935,100,100,100
BG,77.205087,77.205087,87.472944,89.556277
CY,70.227273,68.143939,75.435606,78.75
CZ,46.607143,51.055195,77.380952,77.380952
DE,70.292208,86.958874,86.958874,87.71645
DK,95.833333,97.916667,97.916667,97.916667
EE,89.166667,97.5,100,100
EL,60.714286,73.809524,73.809524,93.75
ES,83.146645,84.58183,88.28854,89.603776
FI,90.059524,82.619048,84.702381,91.369048
FR,54.491342,79.274892,84.22619,88.392857
HR,85.568182,85.568182,86.55303,87.083333
HU,79.91342,85.984848,85.984848,88.068182
IE,0,11.366342,24.524711,44.033289
IT,71.320346,82.689394,84.114616,89.92669
LT,91.953463,95.416667,95.416667,97.916667
LU,67.167208,76.095779,76.095779,77.137446
LV,78.831169,84.818122,85.859788,94.193122
MT,77.613636,88.030303,93.712121,94.469697
NL,69.375,72.470238,65.178571,69.345238
PL,86.404221,90.029762,91.815476,91.815476
PT,62.689394,85.984848,88.068182,92.234848
RO,57.064394,58.579545,75.097403,75.097403
SE,70.292208,77.93625,77.93625,86.458333
SI,80.416667,87.559524,87.466931,92.559524
SK,42.034632,66.344697,72.026515,72.026515
EU27_2020,71.541406,79.115005,82.704358,86.513342
