geo,iuapr,iumapp,desi_aehr,hc6_share,prev_mort,unmet,cluster
BE,38.65,55.86,100.0,1.97,136.93,1.4,3
BG,19.49,17.57,87.472944,2.89,220.09,1.1,2
DK,61.51,59.1,97.916667,2.47,139.22,3.1,3
DE,5.13,34.73,86.958874,4.43,157.05,0.8,4
EE,59.84,43.95,100.0,4.22,241.28,8.5,1
IE,14.63,38.42,24.524711,2.83,126.33,2.9,4
EL,37.86,29.78,73.809524,3.07,136.91,12.1,1
ES,46.24,61.4,88.28854,3.36,110.36,1.8,3
FR,25.46,58.53,84.22619,2.71,127.21,4.1,3
HR,26.18,25.71,86.55303,4.51,225.22,1.3,4
IT,26.93,30.83,84.114616,4.65,98.44,1.9,4
CY,52.02,4.47,75.435606,1.5,89.7,0.1,2
LV,40.29,29.11,85.859788,2.56,309.01,8.4,1
LT,55.43,47.15,95.416667,2.82,264.83,4.3,1
LU,21.99,54.11,76.095779,3.18,105.92,1.0,3
HU,42.3,32.95,85.984848,4.05,300.35,1.0,4
MT,39.12,29.81,93.712121,0.94,103.93,0.3,2
NL,47.79,52.74,65.178571,5.16,123.09,0.6,4
AT,22.95,27.51,86.975108,4.19,149.8,1.0,4
PL,29.75,22.46,91.815476,1.68,208.78,3.8,2
PT,39.6,28.12,88.068182,2.27,125.94,2.5,2
RO,9.87,9.1,75.097403,1.26,264.04,2.2,2
SI,26.91,33.21,87.466931,3.25,167.6,3.4,2
SK,16.18,28.58,72.026515,2.69,204.85,1.6,2
FI,73.56,63.79,84.702381,4.56,154.89,8.5,1
SE,45.65,51.48,77.93625,3.23,105.71,2.2,3
