geo,iuapr,iumapp,ihif,desi_aehr,unmet,prev_mort,treat_mort,hc6_share,che_pps,phys,nurses,gdp_pps,age65
BE,38.65,55.86,58.22,100.0,1.4,136.93,58.83,1.97,4635.41,337.21,1143.1,46587.9,19.9
BG,19.49,17.57,39.84,87.472944,1.1,220.09,185.28,2.89,2073.77,462.97,443.18,26324.3,23.8
CZ,,19.62,68.43,77.380952,0.5,173.86,107.19,2.74,2965.76,421.76,792.39,36255.5,20.5
DK,61.51,59.1,78.26,97.916667,3.1,139.22,66.11,2.47,4265.19,455.78,1046.91,51785.4,20.7
DE,5.13,34.73,56.84,86.958874,0.8,157.05,83.32,4.43,5380.74,466.27,1224.68,47008.3,22.4
EE,59.84,43.95,60.76,100.0,8.5,241.28,115.79,4.22,2150.6,348.25,664.31,31583.4,20.5
IE,14.63,38.42,67.63,24.524711,2.9,126.33,67.62,2.83,4420.24,379.08,1365.76,88342.7,15.5
EL,37.86,29.78,59.64,73.809524,12.1,136.91,84.11,3.07,2186.83,625.33,241.39,27373.2,23.4
ES,46.24,61.4,69.63,88.28854,1.8,110.36,60.18,3.36,3164.64,438.86,587.83,36413.1,20.4
FR,25.46,58.53,51.12,84.22619,4.1,127.21,58.76,2.71,4318.63,389.03,887.42,39294.2,21.5
HR,26.18,25.71,55.55,86.55303,1.3,225.22,126.14,4.51,1988.95,401.41,251.63,31053.1,23.0
IT,26.93,30.83,55.59,84.114616,1.9,98.44,61.85,4.65,3082.39,564.51,682.69,39068.5,24.3
CY,52.02,4.47,70.73,75.435606,0.1,89.7,62.94,1.5,2792.88,534.5,520.82,39456.4,17.7
LV,40.29,29.11,48.26,85.859788,8.4,309.01,189.45,2.56,1929.63,334.36,414.86,27536.5,21.4
LT,55.43,47.15,65.03,95.416667,4.3,264.83,163.31,2.82,2382.07,461.63,747.15,34935.9,20.3
LU,21.99,54.11,55.12,76.095779,1.0,105.92,51.71,3.18,4662.95,400.64,1465.27,97690.2,15.0
HU,42.3,32.95,64.27,85.984848,1.0,300.35,172.31,4.05,1905.77,362.2,450.75,30445.5,20.7
MT,39.12,29.81,65.52,93.712121,0.3,103.93,74.33,0.94,3593.37,455.0,746.45,43805.0,18.4
NL,47.79,52.74,82.28,65.178571,0.6,123.09,59.97,5.16,4913.02,394.23,1113.07,53149.4,20.5
AT,22.95,27.51,65.01,86.975108,1.0,149.8,68.46,4.19,4989.61,551.44,1029.75,47527.9,19.8
PL,29.75,22.46,52.9,91.815476,3.8,208.78,132.71,1.68,2236.98,374.57,588.99,31463.0,20.5
PT,39.6,28.12,53.3,88.068182,2.5,125.94,74.24,2.27,3016.91,423.58,692.47,32937.1,24.1
RO,9.87,9.1,31.53,75.097403,2.2,264.04,199.7,1.26,1738.21,372.3,100.46,30769.5,20.0
SI,26.91,33.21,56.4,87.466931,3.4,167.6,66.98,3.25,3124.44,350.4,510.27,36150.6,21.8
SK,16.18,28.58,50.78,72.026515,1.6,204.85,161.14,2.69,2100.04,,,29808.2,18.4
FI,73.56,63.79,79.35,84.702381,8.5,154.89,68.18,4.56,3941.67,354.39,1275.24,40871.6,23.4
SE,45.65,51.48,67.25,77.93625,2.2,105.71,58.37,3.23,4613.83,462.99,1099.66,44772.2,20.6
