geo,time,iuapr,iumapp,ihif,unmet,prev_mort,treat_mort,hc6_share,che_pps,phys,nurses,gdp_pps,age65,desi_aehr
AT,2020,6.43,9.11,56.26,0.1,165.0,70.44,3.18,4095.05,531.82,1030.33,37385.6,19.0,
AT,2021,,,,,173.31,71.19,10.44,4788.91,540.91,1065.08,,,
AT,2022,30.8,22.65,62.82,0.5,163.29,69.19,7.51,4877.08,544.6,1069.17,44569.5,19.4,88.165584
AT,2023,,,,,149.8,68.46,4.19,4989.61,551.44,1029.75,,,88.165584
AT,2024,22.95,27.51,65.01,1.0,,,,,,,47527.9,19.8,86.975108
AT,2025,,,,,,,,,,,,,89.058442
BE,2020,11.72,36.05,51.04,1.5,177.16,62.67,1.94,3962.38,321.43,1160.08,35850.5,19.1,
BE,2021,,,,,164.05,61.64,2.98,4201.41,324.78,1160.11,,,
BE,2022,30.99,46.21,52.58,1.0,152.21,62.27,2.72,4358.33,326.36,1151.49,42520.4,19.5,85.064935
BE,2023,,,,,136.93,58.83,1.97,4635.41,337.21,1143.1,,,100.0
BE,2024,38.65,55.86,58.22,1.4,,,,,,,46587.9,19.9,100.0
BE,2025,,,,,,,,,,,,,100.0
BG,2020,10.28,6.5,28.81,1.4,316.48,212.97,2.82,1555.68,452.72,445.14,17473.0,22.9,
BG,2021,,,,,459.97,225.09,3.94,1822.43,454.0,442.83,,,
BG,2022,16.05,11.19,39.09,1.0,276.58,194.13,3.09,1850.45,456.88,445.89,22421.2,23.4,77.205087
BG,2023,,,,,220.09,185.28,2.89,2073.77,462.97,443.18,,,77.205087
BG,2024,19.49,17.57,39.84,1.1,,,,,,,26324.3,23.8,87.472944
BG,2025,,,,,,,,,,,,,89.556277
CY,2020,17.9,0.02,60.84,0.4,112.42,70.84,1.63,2270.22,458.25,511.42,27194.2,16.6,
CY,2021,,,,,139.46,78.41,3.4,2593.64,479.22,503.41,,,
CY,2022,39.09,6.32,72.88,0.2,123.03,70.92,2.85,2668.81,504.03,505.52,34492.5,17.1,70.227273
CY,2023,,,,,89.7,62.94,1.5,2792.88,534.5,520.82,,,68.143939
CY,2024,52.02,4.47,70.73,0.1,,,,,,,39456.4,17.7,75.435606
CY,2025,,,,,,,,,,,,,78.75
CZ,2020,1.66,9.28,62.1,0.4,218.38,122.85,3.92,2665.9,413.52,818.89,29178.2,19.9,
CZ,2021,,,,,285.92,125.85,8.41,2862.67,425.59,827.86,,,
CZ,2022,,16.09,62.44,0.2,195.45,113.17,5.21,2795.98,422.17,808.04,32419.7,20.6,46.607143
CZ,2023,,,,,173.86,107.19,2.74,2965.76,421.76,792.39,,,51.055195
CZ,2024,,19.62,68.43,0.5,,,,,,,36255.5,20.5,77.380952
CZ,2025,,,,,,,,,,,,,77.380952
DE,2020,2.66,18.43,70.13,0.1,157.23,80.84,3.56,4789.58,446.79,1203.69,38270.8,21.8,
DE,2021,,,,,171.28,81.27,7.16,5198.57,452.97,1203.18,,,
DE,2022,2.06,18.57,36.56,0.3,165.44,83.38,8.18,5414.36,458.35,1208.25,43577.4,22.1,70.292208
DE,2023,,,,,157.05,83.32,4.43,5380.74,466.27,1224.68,,,86.958874
DE,2024,5.13,34.73,56.84,0.8,,,,,,,47008.3,22.4,86.958874
DE,2025,,,,,,,,,,,,,87.71645
DK,2020,33.93,37.54,72.05,1.7,145.85,63.47,3.2,3998.54,437.66,1024.06,40054.4,19.9,
DK,2021,,,,,148.93,64.25,8.81,4434.84,449.81,1034.37,,,
DK,2022,65.51,66.44,70.81,2.1,147.18,64.04,4.92,4241.83,447.55,1041.16,48465.5,20.3,95.833333
DK,2023,,,,,139.22,66.11,2.47,4265.19,455.78,1046.91,,,97.916667
DK,2024,61.51,59.1,78.26,3.1,,,,,,,51785.4,20.7,97.916667
DK,2025,,,,,,,,,,,,,97.916667
EE,2020,38.52,22.7,58.23,13.0,251.77,123.88,4.89,1900.72,347.94,638.12,25994.6,20.0,
EE,2021,,,,,304.67,135.62,8.83,2037.44,343.22,648.57,,,
EE,2022,63.88,41.32,59.48,9.1,266.71,126.16,5.66,1959.32,347.19,658.49,30146.6,20.4,89.166667
EE,2023,,,,,241.28,115.79,4.22,2150.6,348.25,664.31,,,97.5
EE,2024,59.84,43.95,60.76,8.5,,,,,,,31583.4,20.5,100.0
EE,2025,,,,,,,,,,,,,100.0
EL,2020,5.86,8.18,52.02,6.5,152.9,92.37,1.8,1744.9,,215.0,18866.4,22.2,
EL,2021,,,,,195.91,94.54,4.03,1890.28,,216.82,,,
EL,2022,38.14,26.14,56.6,9.0,166.12,85.59,4.51,1995.49,,221.04,24026.4,22.8,60.714286
EL,2023,,,,,136.91,84.11,3.07,2186.83,625.33,241.39,,,73.809524
EL,2024,37.86,29.78,59.64,12.1,,,,,,,27373.2,23.4,73.809524
EL,2025,,,,,,,,,,,,,93.75
ES,2020,17.59,40.27,67.08,0.4,143.35,62.24,3.58,2599.56,456.65,606.0,25131.2,19.5,
ES,2021,,,,,133.97,61.01,4.19,2826.11,448.67,628.18,,,
ES,2022,40.13,54.85,64.85,1.2,124.41,62.06,4.38,2981.09,433.11,608.2,31781.2,20.0,83.146645
ES,2023,,,,,110.36,60.18,3.36,3164.64,438.86,587.83,,,84.58183
ES,2024,46.24,61.4,69.63,1.8,,,,,,,36413.1,20.4,88.28854
ES,2025,,,,,,,,,,,,,89.603776
FI,2020,61.21,53.11,77.15,5.4,157.36,71.25,5.61,3230.9,341.33,1269.53,34039.9,22.3,
FI,2021,,,,,156.41,69.77,8.24,3460.88,341.38,1296.3,,,
FI,2022,78.68,64.53,80.5,6.5,166.02,70.85,6.38,3592.58,344.31,1282.84,38350.4,23.1,90.059524
FI,2023,,,,,154.89,68.18,4.56,3941.67,354.39,1275.24,,,82.619048
FI,2024,73.56,63.79,79.35,8.5,,,,,,,40871.6,23.4,84.702381
FI,2025,,,,,,,,,,,,,91.369048
FR,2020,,,,2.7,142.68,59.04,3.38,3753.69,374.05,886.64,31555.5,20.4,
FR,2021,,,,,145.24,58.82,5.76,4041.63,378.27,881.92,,,
FR,2022,19.56,53.72,50.26,3.2,137.37,59.39,4.3,4163.53,382.48,879.77,35145.8,20.9,54.491342
FR,2023,,,,,127.21,58.76,2.71,4318.63,389.03,887.42,,,79.274892
FR,2024,25.46,58.53,51.12,4.1,,,,,,,39294.2,21.5,84.22619
FR,2025,,,,,,,,,,,,,88.392857
HR,2020,8.25,19.26,58.04,1.5,264.38,130.77,3.07,1505.87,364.3,198.12,20213.9,21.6,
HR,2021,,,,,312.0,139.74,4.43,1865.91,377.96,223.92,,,
HR,2022,27.79,27.23,59.0,1.3,253.13,133.47,5.29,1826.77,396.0,235.7,26007.8,22.5,85.568182
HR,2023,,,,,225.22,126.14,4.51,1988.95,401.41,251.63,,,85.568182
HR,2024,26.18,25.71,55.55,1.3,,,,,,,31053.1,23.0,86.55303
HR,2025,,,,,,,,,,,,,87.083333
HU,2020,16.64,23.44,63.0,0.7,350.44,179.55,3.7,1701.33,316.53,426.17,22731.5,19.8,
HU,2021,,,,,452.37,188.86,7.58,1892.36,332.53,429.24,,,
HU,2022,35.65,36.37,68.1,1.4,333.38,178.4,2.93,1850.4,348.49,442.31,27305.6,20.4,79.91342
HU,2023,,,,,300.35,172.31,4.05,1905.77,362.2,450.75,,,85.984848
HU,2024,42.3,32.95,64.27,1.0,,,,,,,30445.5,20.7,85.984848
HU,2025,,,,,,,,,,,,,88.068182
IE,2020,3.82,14.95,59.9,1.8,141.77,69.65,3.3,3633.14,341.9,,62296.2,14.4,
IE,2021,,,,,148.42,69.19,5.98,3970.4,396.35,1253.71,,,
IE,2022,16.63,31.92,50.32,2.7,132.37,70.42,4.82,4226.76,329.57,1300.79,86108.3,15.0,0.0
IE,2023,,,,,126.33,67.62,2.83,4420.24,379.08,1365.76,,,11.366342
IE,2024,14.63,38.42,67.63,2.9,,,,,,,88342.7,15.5,24.524711
IE,2025,,,,,,,,,,,,,44.033289
IT,2020,8.01,12.21,46.21,,130.6,66.45,5.27,2619.73,400.15,627.64,28386.4,23.2,
IT,2021,,,,,127.95,64.48,6.48,2828.34,541.97,679.5,,,
IT,2022,27.6,28.78,52.23,1.8,113.28,63.46,5.79,2995.89,558.14,681.06,35348.2,23.8,71.320346
IT,2023,,,,,98.44,61.85,4.65,3082.39,564.51,682.69,,,82.689394
IT,2024,26.93,30.83,55.59,1.9,,,,,,,39068.5,24.3,84.114616
IT,2025,,,,,,,,,,,,,89.92669
LT,2020,12.08,29.58,57.1,1.7,340.33,199.73,3.9,2011.57,445.81,776.34,26359.5,19.6,
LT,2021,,,,,394.09,190.86,5.57,2310.2,446.27,786.18,,,
LT,2022,48.18,43.97,61.89,2.9,309.19,183.42,4.68,2285.98,444.27,749.85,31269.3,20.0,91.953463
LT,2023,,,,,264.83,163.31,2.82,2382.07,461.63,747.15,,,95.416667
LT,2024,55.43,47.15,65.03,4.3,,,,,,,34935.9,20.3,95.416667
LT,2025,,,,,,,,,,,,,97.916667
LU,2020,8.55,24.16,53.02,0.1,133.69,60.25,5.28,3811.08,370.55,1378.45,77888.8,14.5,
LU,2021,,,,,132.63,54.69,6.36,4126.4,379.81,1415.64,,,
LU,2022,16.89,40.66,46.35,0.5,119.75,60.42,4.56,4399.61,390.75,1447.24,90395.4,14.8,67.167208
LU,2023,,,,,105.92,51.71,3.18,4662.95,400.64,1465.27,,,76.095779
LU,2024,21.99,54.11,55.12,1.0,,,,,,,97690.2,15.0,76.095779
LU,2025,,,,,,,,,,,,,77.137446
LV,2020,21.77,17.79,49.24,5.3,317.05,185.53,3.11,1563.43,333.92,,20911.4,20.5,
LV,2021,,,,,439.0,205.04,5.13,2242.26,335.79,418.68,,,
LV,2022,38.3,22.9,42.61,5.4,342.63,200.7,2.8,2024.3,338.96,415.38,24939.3,20.9,78.831169
LV,2023,,,,,309.01,189.45,2.56,1929.63,334.36,414.86,,,84.818122
LV,2024,40.29,29.11,48.26,8.4,,,,,,,27536.5,21.4,85.859788
LV,2025,,,,,,,,,,,,,94.193122
MT,2020,16.68,12.65,64.47,0.0,114.87,89.3,1.45,3026.55,418.63,801.37,31931.9,18.1,
MT,2021,,,,,132.8,81.77,1.22,3322.21,434.62,798.03,,,
MT,2022,24.63,18.14,65.76,0.3,119.45,86.02,1.18,3391.42,448.87,778.74,37451.1,18.8,77.613636
MT,2023,,,,,103.93,74.33,0.94,3593.37,455.0,746.45,,,88.030303
MT,2024,39.12,29.81,65.52,0.3,,,,,,,43805.0,18.4,93.712121
MT,2025,,,,,,,,,,,,,94.469697
NL,2020,19.15,33.68,76.21,0.2,141.47,58.96,4.6,4238.67,384.71,1108.73,39986.8,19.5,
NL,2021,,,,,146.52,59.74,9.71,4704.07,391.81,1139.23,,,
NL,2022,39.33,49.4,78.01,0.2,132.74,59.18,6.81,4757.71,394.04,1155.32,48540.1,20.0,69.375
NL,2023,,,,,123.09,59.97,5.16,4913.02,394.23,1113.07,,,72.470238
NL,2024,47.79,52.74,82.28,0.6,,,,,,,53149.4,20.5,65.178571
NL,2025,,,,,,,,,,,,,69.345238
PL,2020,5.83,10.95,42.81,1.9,274.7,144.19,1.93,1632.94,336.03,562.23,23916.5,18.2,
PL,2021,,,,,335.85,145.87,2.11,1788.72,351.24,580.11,,,
PL,2022,24.17,19.95,52.02,2.3,243.66,140.01,1.83,2009.52,356.92,582.13,28144.8,19.4,86.404221
PL,2023,,,,,208.78,132.71,1.68,2236.98,374.57,588.99,,,90.029762
PL,2024,29.75,22.46,52.9,3.8,,,,,,,31463.0,20.5,91.815476
PL,2025,,,,,,,,,,,,,91.815476
PT,2020,16.75,16.69,48.98,1.6,145.7,79.12,2.03,2341.35,,,22782.1,22.7,
PT,2021,,,,,155.89,74.53,3.27,2699.6,419.21,715.23,,,
PT,2022,38.23,23.25,49.46,2.9,138.83,74.53,3.33,2887.82,423.05,693.44,27841.5,23.6,62.689394
PT,2023,,,,,125.94,74.24,2.27,3016.91,423.58,692.47,,,85.984848
PT,2024,39.6,28.12,53.3,2.5,,,,,,,32937.1,24.1,88.068182
PT,2025,,,,,,,,,,,,,92.234848
RO,2020,5.03,5.04,28.12,4.7,358.14,235.06,1.95,1443.03,332.86,81.94,21808.9,18.9,
RO,2021,,,,,440.08,254.72,3.73,1645.7,350.88,87.94,,,
RO,2022,8.37,8.09,28.92,4.9,304.31,215.0,2.84,1574.91,364.78,93.54,25908.1,19.5,57.064394
RO,2023,,,,,264.04,199.7,1.26,1738.21,372.3,100.46,,,58.579545
RO,2024,9.87,9.1,31.53,2.2,,,,,,,30769.5,20.0,75.097403
RO,2025,,,,,,,,,,,,,75.097403
SE,2020,25.89,28.26,67.35,1.5,123.33,62.05,3.26,3947.25,432.4,1068.11,36665.9,20.0,
SE,2021,,,,,117.83,59.65,4.2,4244.03,441.1,1089.6,,,
SE,2022,41.6,48.71,66.67,1.8,110.16,59.18,3.38,4345.69,454.93,1096.83,40905.8,20.3,70.292208
SE,2023,,,,,105.71,58.37,3.23,4613.83,462.99,1099.66,,,77.93625
SE,2024,45.65,51.48,67.25,2.2,,,,,,,44772.2,20.6,77.93625
SE,2025,,,,,,,,,,,,,86.458333
SI,2020,6.24,24.67,57.91,2.7,198.56,69.75,3.18,2443.42,330.29,430.12,26676.9,20.2,
SI,2021,,,,,211.88,66.91,5.42,2697.29,334.38,446.66,,,
SI,2022,31.06,26.55,50.22,3.7,189.21,63.95,4.73,2964.59,337.01,491.13,32351.9,21.1,80.416667
SI,2023,,,,,167.6,66.98,3.25,3124.44,350.4,510.27,,,87.559524
SI,2024,26.91,33.21,56.4,3.4,,,,,,,36150.6,21.8,87.466931
SI,2025,,,,,,,,,,,,,92.559524
SK,2020,7.96,14.81,56.01,3.2,262.43,168.84,1.03,1593.07,,,22561.3,16.6,
SK,2021,,,,,379.27,206.0,1.61,1874.51,,,,,
SK,2022,13.71,18.74,42.97,2.8,245.28,176.14,2.04,1961.89,,,25517.5,17.4,42.034632
SK,2023,,,,,204.85,161.14,2.69,2100.04,,,,,66.344697
SK,2024,16.18,28.58,50.78,1.6,,,,,,,29808.2,18.4,72.026515
SK,2025,,,,,,,,,,,,,72.026515
