outcome,predictor,rho,p,lo,hi,n,p_holm,rho_partial_gdp
prev_mort,iuapr,-0.08512820512820513,0.679259163006367,-0.48349768695532774,0.29420246997876526,26,1.0,-0.05861587342428959
prev_mort,iumapp,-0.26495726495726496,0.18167055622337083,-0.600740132446141,0.14036359625903497,27,1.0,0.10581670168655424
prev_mort,desi_aehr,0.22866738169025505,0.25127931998666436,-0.16018654411792396,0.5442740910688815,27,1.0,0.2488543402055942
prev_mort,hc6_share,0.001221001221001221,0.9951773927666595,-0.4180060612675647,0.4307906749516423,27,1.0,0.12832209012747622
treat_mort,iuapr,-0.16786324786324786,0.4123972237618621,-0.5135738686488712,0.23933944159163167,26,1.0,-0.1825032681794176
treat_mort,iumapp,-0.6074481074481074,0.0007784615078762684,-0.8072496169406514,-0.29609769781410916,27,0.009341538094515222,-0.3631923552927378
treat_mort,desi_aehr,0.1022744631057883,0.611718839794009,-0.27226488735506754,0.4854583242178954,27,1.0,0.09310009692146516
treat_mort,hc6_share,-0.18925518925518922,0.3444302345322386,-0.5201767205306956,0.19267030168829546,27,1.0,-0.10948568422124524
unmet,iuapr,0.255989183516071,0.20685625383947495,-0.17517085761534903,0.6241963830748508,26,1.0,0.2957086217166441
unmet,iumapp,0.29972514881998946,0.12879052168254476,-0.0985469564899444,0.6343705225953952,27,1.0,0.5912809266279087
unmet,desi_aehr,0.1633308345207383,0.4156330312478118,-0.22390531991299564,0.5466649081321014,27,1.0,0.15385558808445174
unmet,hc6_share,0.004277423122813306,0.9831064846514913,-0.4511135577398825,0.4058101755432501,27,1.0,0.05856942841935093
