Indicator,Median,IQR,Min–max,Croatia,Croatia rank*
"Access to own health records online (% ind., 2024)",38.3,23.6–46.1,5.1–73.6,26.2,18/26
"Online appointment with practitioner (% ind., 2024)",33.0,27.8–52.1,4.5–63.8,25.7,22/27
"Seeking health information online (% ind., 2024)",59.6,54.2–67.4,31.5–82.3,55.5,19/27
"Digital Decade e-health records score (0-100, 2024)",86.0,76.7–88.2,24.5–100.0,86.6,13/27
"Unmet medical needs, cost/distance/waiting (% , 2024)",1.9,1.0–3.6,0.1–12.1,1.3,10/27
"Preventable mortality (per 100 000, 2023)",149.8,124.5–214.4,89.7–309.0,225.2,22/27
"Treatable mortality (per 100 000, 2023)",74.2,62.4–129.4,51.7–199.7,126.1,20/27
"Preventive care share of CHE (%, 2023)",2.9,2.5–4.1,0.9–5.2,4.5,4/27
"Current health expenditure (PPS per inhabitant, 2023)",3082.4,2168.7–4369.4,1738.2–5380.7,1989.0,24/27
"Practising physicians (per 100 000, 2023)",411.6,372.9–462.6,334.4–625.3,401.4,14/26
"Practising nurses (per 100 000, 2023)",719.5,512.9–1086.5,100.5–1465.3,251.6,24/26
"GDP per capita (PPS, 2024)",36413.1,31258.0–45680.1,26324.3–97690.2,31053.1,21/27
"Population aged 65+ (%, 2024)",20.5,19.9–22.1,15.0–24.3,23.0,6/27
